Pixel,Intensity
0,1832.6809043699216
1,2647.6678722043534
2,3532.671755812071
3,1817.937153930828
4,1308.8751371228072
5,2977.2626893432557
6,1653.813763087593
7,2823.6060539798755
8,2082.6418758179625
9,2310.6727797519175
10,2642.2778658271377
11,2096.371894416484
12,1748.3508987130938
13,2055.2266234209196
14,1500.6760927142525
15,2299.0350108654998
16,2447.044572371495
17,2363.85462521285
18,1792.0294826277805
19,1854.3660751190016
20,1635.5129581929205
21,2466.5594208797647
22,1564.4599059187037
23,1618.516129710401
24,1971.133207053303
25,2559.706023975524
26,1485.2661740765016
27,1694.7776751230645
28,1535.8807688508866
29,2009.554832101668
30,2573.9424975273005
31,1810.2780966010685
32,2483.688514794571
33,1543.8581101236664
34,1684.9075160336897
35,1561.7168254911687
36,1795.5230125857195
37,2527.7658444575827
38,2177.652631816343
39,1618.2558434874613
40,2206.68945188913
41,2296.7228869867763
42,1144.8972478903956
43,1137.2322272212743
44,2522.111707300402
45,2283.41943354259
46,2360.5208521839213
47,1580.4511298140878
48,1487.432187629723
49,2009.6027817103386
50,2080.567441837906
51,2344.6366267983217
52,2441.836257276762
53,2186.1173724383925
54,1521.690651153428
55,2657.3528872223474
56,2620.3457476369385
57,1334.5442422278977
58,1593.1311351997874
59,1718.8916872640568
60,1674.2690403658437
61,1518.6656570140524
62,1770.3468193786434
63,2728.8684555384234
64,2334.554611072642
65,1704.9868891379563
66,2063.19411027263
67,1941.5792945155538
68,2055.906362520108
69,2976.227431614005
70,981.5718458741562
71,2122.3360700141866
72,2030.0127077815646
73,2164.294183575952
74,2418.404904304103
75,1066.4464745457235
76,2447.7219856264696
77,2446.474287027731
78,2096.2046384823852
79,2389.5380724712913
80,2520.0174275714294
81,1823.0324171074112
82,1978.810017838735
83,1841.4057734394848
84,2402.55460758215
85,2334.855215159784
86,2761.9057769714223
87,2670.406188698971
88,2595.0655839029923
89,2363.9992612957653
90,2245.057524442083
91,2453.4804062479534
92,2458.1139896388686
93,1462.1360365841783
94,1909.2465153880116
95,2077.1963507722085
96,3232.7479149484016
97,1782.4455903140426
98,1170.2359221368197
99,1987.26415923617
100,1717.6650158879936
101,1912.086696552331
102,1625.028824644586
103,1686.5726699061888
104,1564.6329195569415
105,1991.830924837151
106,1018.7229323677522
107,1682.0913385410859
108,2536.614395279362
109,2169.1190996096334
110,2184.194325958398
111,1864.6358612872157
112,1943.8031340237442
113,2826.60749251488
114,2324.3997389970045
115,3028.2599021516744
116,2970.2172206843866
117,2199.57275908505
118,1968.3414815715023
119,2082.602881719215
120,2028.2828994452118
121,1707.6459499132952
122,1814.7633672374134
123,1449.9940823585885
124,2544.0617837837053
125,2921.045431400782
126,2163.1224761435847
127,1723.0645969654934
128,1400.8636105434352
129,2140.4774473022158
130,2124.5310263600736
131,1861.0969853769989
132,1415.8984272351029
133,1009.7444643477194
134,2489.268041988784
135,1596.277616800196
136,1447.438091459973
137,2224.742002696417
138,1704.3734561962974
139,1850.5863088063427
140,2593.8519219752534
141,2330.4290485360434
142,1753.9031931458985
143,1515.0861382253438
144,1354.8707314643866
145,2030.5398841147507
146,1521.4137162968896
147,2501.2917705707487
148,2058.6627287102383
149,2266.644784899301
150,1447.5228604597978
151,1518.4672284911762
152,1905.8201580285574
153,2519.2559132887795
154,2594.677533009026
155,2504.970330049502
156,2105.6147045178545
157,2154.084463322021
158,845.387292925433
159,725.9700852247634
160,1984.3509947374687
161,1741.8435313247548
162,1639.9410852922892
163,1883.6279906056868
164,1874.6488179551022
165,1603.9865001731034
166,2207.3313271457646
167,1877.8474976815817
168,1178.3407832208534
169,2248.575268244343
170,1026.4360843944896
171,2840.1988485501415
172,2096.526031879601
173,1578.9241943330724
174,1864.7518471553374
175,2203.5687052373196
176,2300.7383644534953
177,1965.7815081053468
178,2510.2931840896003
179,1600.59642057744
180,1985.802674439621
181,1549.744331012115
182,2528.046963984676
183,1328.3992461943967
184,2561.51881745616
185,1475.635063397853
186,1721.7292012827922
187,2283.7863765074067
188,2045.4133454933108
189,808.9852783729743
190,991.9407832596034
191,2655.6498464558827
192,1230.2848360343423
193,2285.4548155277735
194,1959.4247151785883
195,2598.7197757451727
196,1858.3380636710617
197,2637.227576672955
198,2440.62956632344
199,2440.247551052042
200,1669.6960172179981
201,1703.3001139030855
202,1738.1816560161828
203,2597.076292181862
204,2033.6986866599532
205,2862.478235278546
206,2718.9308926471203
207,1855.9281263610349
208,1940.8810482632693
209,1716.3954400265995
210,1969.3558201852131
211,2019.3913222088947
212,1666.1827379383478
213,1776.76927965928
214,2561.965746692277
215,2471.1828422156404
216,1650.8700658072398
217,2344.8878223949637
218,2547.646458126667
219,2658.0641265009313
220,1688.2675130671535
221,2053.6237698357654
222,1186.3508943405466
223,2831.990071755599
224,2305.540145201688
225,2060.776616510251
226,653.709228676742
227,2214.5880163029497
228,2159.8210973894734
229,2185.465220850852
230,2262.6680610526328
231,1828.8287700675733
232,1581.9560245306222
233,1333.5705150629747
234,2084.957963331212
235,2635.4573713831355
236,2526.4132602092222
237,1934.0558781221391
238,2408.3381366801386
239,1989.7312104631103
240,1763.3735389101548
241,2352.037641461541
242,1894.8129246193905
243,1970.5467882766611
244,1690.735364108553
245,940.7370325476293
246,2778.3794513448547
247,1941.796902092279
248,2911.084202590004
249,1654.8332829611013
250,2297.192989139594
251,2518.7933876030143
252,2616.4805283475916
253,2117.366275123095
254,1818.9455977333541
255,2253.029041094486
256,1512.053786721482
257,1515.2837381630093
258,1182.208150418588
259,2328.8102858301186
260,2632.6982301318367
261,2002.9668805606605
262,1855.0935721427732
263,1379.6914262981636
264,2532.769288852285
265,1465.9737587057025
266,1617.7914995551828
267,938.9823268876905
268,2271.7119599134617
269,2062.5469303227546
270,2210.2104574785862
271,1685.2876464538633
272,2402.0385134257554
273,1624.3577852938763
274,2538.2435524434964
275,2000.156161823739
276,1297.9127446568
277,1708.1754369940425
278,1473.3889282967168
279,1090.056811505678
280,2685.799472474399
281,2343.3962356750867
282,2491.075300366035
283,2133.310206391261
284,1884.3903499426956
285,1204.0245963029479
286,2196.439161318783
287,2254.090580171624
288,2191.876886232616
289,2453.9771892896206
290,1678.073820885602
291,628.5889441424426
292,1650.0704326862622
293,2582.269425491976
294,2713.2479971642224
295,1863.5459869432784
296,2027.3632102435538
297,1254.0658823017498
298,1416.9659447041581
299,2479.934287132229
300,2281.4237018770255
301,2666.1129123278897
302,2293.892378538611
303,2119.6442310419684
304,2545.4845835860096
305,2146.7416742147525
306,2979.5269228169823
307,2709.247820523037
308,2026.242232551918
309,1937.2984087563461
310,2514.058541366068
311,1870.593276589462
312,2639.3202056897017
313,2128.5811757651827
314,2107.816162576876
315,2692.8471736114557
316,1995.4502350029627
317,2346.509147698285
318,2280.9665383154916
319,2169.388132072709
320,2834.9979958694353
321,2231.216216110579
322,2663.0561445480844
323,1222.765468470975
324,2607.27605125904
325,2290.204233794817
326,2458.4086645442617
327,1932.0232696677135
328,2845.117191272271
329,1805.9376695719168
330,2104.9794676767738
331,2044.548881882707
332,1439.1048041260728
333,2552.4407657112524
334,1775.1528584378532
335,1818.3965646637428
336,2429.1003038931894
337,1089.7179144085565
338,791.5646354761266
339,1398.4665772049334
340,1375.217625354103
341,2769.8003273908944
342,2461.107949586879
343,1988.47593420658
344,1454.4152148428768
345,2637.9894868997494
346,1043.3970991305546
347,1969.6789997039255
348,2251.472890414363
349,2394.363999862268
350,950.2520540815533
351,2339.288141174846
352,1957.9021350057055
353,1865.1346970534278
354,1791.22070760792
355,2282.1238479322506
356,2555.1894818345068
357,3036.638533586797
358,1912.2892779353474
359,1441.3208025306867
360,1969.6636795717527
361,2322.0319574949367
362,2052.7104810304495
363,1250.0268309016342
364,2015.42156848926
365,1596.0847871344108
366,1997.7000575878606
367,1796.5198665298808
368,2320.3967392734125
369,2347.4284163784455
370,2469.3619096549673
371,2232.051390925883
372,1836.2372862111831
373,2026.6586558784022
374,1640.228201189295
375,2940.5867154950383
376,2195.9126653750077
377,1774.314141990403
378,2035.5012391111409
379,1765.2925259159624
380,2616.9406473561407
381,1310.913084379451
382,1943.4694607961114
383,2066.738088277425
384,2207.9143027558903
385,2289.739355190518
386,2350.0385306582884
387,2258.6256232765086
388,1869.3263119038509
389,1916.657914353874
390,1616.097790985878
391,2124.9160405165258
392,1582.8631156354766
393,2189.1908156672503
394,1962.6317731763422
395,2536.484506974106
396,2725.6693238197668
397,2359.3673457007135
398,1635.251834189397
399,1638.9354848897274
400,1794.936438542073
401,2054.1779670296614
402,1668.7417387608962
403,2126.51062744821
404,2394.3719211856715
405,2903.7838158699496
406,1682.7812215655188
407,1852.9029468299968
408,2342.2478448879856
409,1455.7417886999144
410,1934.3745949712397
411,2048.775377914121
412,2123.950766877904
413,2373.789837223508
414,2188.023016873293
415,2604.1714272606196
416,1837.329980809205
417,2246.9663755045062
418,2001.7091099602274
419,1776.6081642425313
420,1032.5458605458227
421,2195.273990168381
422,1430.0943523533738
423,2105.8539998380475
424,1958.8485708399517
425,2520.421603291324
426,1180.3285968123803
427,1751.7479131982564
428,2382.5513830446816
429,2138.1067852476435
430,1634.791224010361
431,910.320020073023
432,1912.4209718935488
433,2079.188808208253
434,1745.9681305822614
435,2199.9466122765307
436,2745.5391429126385
437,1624.3108208619656
438,1706.1912543531707
439,1293.988651205742
440,1541.0963684077772
441,2229.76013584319
442,1920.0551733056066
443,581.4362226990286
444,1998.7352556059716
445,1839.1863317150153
446,1917.5103500195069
447,2347.583044578451
448,1948.2125251695704
449,1612.40495634655
450,2449.9299047228415
451,2287.9559880260576
452,2055.423274676417
453,2269.548448741297
454,1336.5247600300156
455,1288.0992712569648
456,1744.7461116002967
457,1186.2527375517088
458,1217.3477266559203
459,2440.035429556179
460,2421.1615005040685
461,1465.551841946924
462,1029.0719041478796
463,2263.0359551589513
464,2574.133055340703
465,883.6289426320243
466,2523.8337257101584
467,1427.5164904772978
468,2514.7215688885162
469,2119.599265086737
470,2199.3006260412467
471,1963.745705284787
472,1958.5470944090912
473,1608.3406526300537
474,2423.3207499390014
475,2331.269029760242
476,2295.610985716523
477,2169.376303275382
478,1920.4275548618507
479,1610.234941818469
480,2296.6580577538166
481,1714.704583063871
482,2804.913309342216
483,1216.4927430766152
484,2249.12883786222
485,1315.5128456417283
486,2334.433725563435
487,2048.2500180523816
488,2216.908996788639
489,1642.4897830242492
490,2066.58300714925
491,2795.6125277383626
492,2151.1740607409133
493,1808.9762630536015
494,2372.8673597965094
495,2165.9298069605334
496,2046.1455978025003
497,2077.0439797815343
498,2703.5800174341125
499,2323.7213611355182
500,1618.1254409672417
501,1840.8720955887168
502,2393.4604826254113
503,3248.7816425024544
504,1960.0881986308798
505,2764.4603800359155
506,2648.731353832869
507,1231.7377830005246
508,1759.307002414954
509,2680.786201079901
510,2040.2601812229077
511,1079.6163069403879
512,1592.8665815658183
513,2189.9110796527225
514,1492.609675866335
515,2490.3974414623435
516,1813.8272701806789
517,1994.066705593846
518,2184.0599893010635
519,2140.443083987532
520,2457.2411856325953
521,1852.0805553645912
522,1808.7424648284616
523,2131.158742905898
524,2457.09728869859
525,2564.7962593889347
526,1348.3296244034036
527,2310.884273617085
528,1656.2010688414525
529,2564.0679658691415
530,2161.3553028933616
531,1864.7857070530742
532,2849.5410012921634
533,1970.3899533943313
534,2034.7595348554316
535,2091.9017491787163
536,2844.9522319555035
537,943.3580861428914
538,2101.4506915249194
539,2950.811052193821
540,1945.6396685524244
541,2422.2438963096606
542,2020.433718260479
543,1700.293872277865
544,2444.6239634389785
545,2114.274926389531
546,1707.8132430424066
547,2348.8266747038665
548,1319.888106205895
549,1618.735763379638
550,1252.8095639874955
551,2997.0292700666937
552,2329.718668968862
553,2197.1854692269153
554,2079.875819244152
555,2109.414401831307
556,1421.9076497191704
557,1108.0806674892406
558,2457.5589052059195
559,1721.626488662379
560,2326.944279676006
561,2093.106987608479
562,1402.0511584903597
563,2920.212218022484
564,1664.0229056311564
565,1726.8847827404986
566,2274.078107838524
567,2727.3907600690127
568,2274.0384056911785
569,2575.2454790431643
570,1384.5779395579525
571,2884.8969315926142
572,2235.281191871283
573,2352.9719736522
574,1515.227476130113
575,2166.050806865122
576,1512.1914499109284
577,2623.1170523729875
578,2210.4351490284957
579,2895.833605110901
580,2025.132911204281
581,1569.9387682842123
582,2577.347866381276
583,2869.326963910841
584,1844.6300874253413
585,1550.2448211687863
586,1995.392923182186
587,1884.991658148335
588,2515.535576948225
589,2397.209007940262
590,2058.5332016053217
591,2495.077019490055
592,1784.5740727503885
593,2093.380291812299
594,2376.938020630109
595,2265.350879870534
596,2504.971756113126
597,1635.1872356021684
598,2913.577108008293
599,2424.663621054836
600,1937.010473691717
601,2636.5874450997426
602,2018.256707906046
603,2235.028587191285
604,1236.3411424323224
605,2348.595829647432
606,1623.4805958353297
607,1664.029039505645
608,1957.7690355524567
609,1207.957424914283
610,1768.3292757556371
611,1844.280458441021
612,496.4802145749611
613,2262.5314076052287
614,1246.4639158117816
615,2227.085122224475
616,1574.1205842219695
617,2449.9982242829574
618,1719.4201414472245
619,1661.7317404384903
620,1902.4459873235903
621,1995.1685967741628
622,2283.6061407503294
623,2550.096641036425
624,2874.7426160453947
625,2237.2622959038554
626,1758.0652963416487
627,1685.3480386504427
628,2669.220149671855
629,2170.1347461531814
630,2251.234147275157
631,1539.6865933164806
632,1783.1782104193317
633,1878.0262277278523
634,2105.4613241354964
635,1982.1558783835023
636,1923.7619433561617
637,1904.3550036027448
638,1960.5060536968906
639,1700.4556647045379
640,1558.4498454328877
641,2045.4012029615183
642,1477.4159089663299
643,1175.0078348058996
644,2356.373416926163
645,1751.8722091714608
646,1801.8401382752606
647,1697.3453171032068
648,2267.7099381065477
649,2964.8745663734326
650,1998.4611844954827
651,1226.2412843312363
652,2569.48403683243
653,2479.8323255262358
654,1670.8195784546542
655,2382.815340229262
656,1743.741065980714
657,1829.4997098918698
658,2574.7562597029255
659,2057.0886495205873
660,1838.98807147139
661,2438.472743284519
662,2090.215767653242
663,1832.905148032948
664,2160.427151598941
665,1212.266558333443
666,2622.5799609193077
667,2542.1304104319306
668,2014.6331394351248
669,1832.8026879006875
670,2201.0338830278215
671,2391.4367711986947
672,1909.9593277751644
673,1890.2363636906043
674,1500.600622816258
675,2462.870631656323
676,2009.6691311048223
677,2180.7096026691374
678,2510.8040364383105
679,2099.3784250953095
680,2112.116379671863
681,1823.2956025204883
682,2567.57088094601
683,2252.5582388729936
684,1020.4304950152306
685,2376.118195341114
686,1877.2378394038924
687,1738.6409659311303
688,1409.3589608239504
689,2239.566351650119
690,2139.7094660413413
691,3396.5222705282845
692,1733.3511066808255
693,2401.837457139727
694,1781.9439592915876
695,1502.653719307425
696,1929.3538633723806
697,2455.859152389447
698,3155.989432824568
699,3379.1086550266646
700,954.7009858256488
701,1155.831177740889
702,1796.8353891183085
703,2817.15923510282
704,2023.7919831536972
705,1692.3235322699902
706,1262.365646384495
707,1160.6581067261006
708,2555.9314503814667
709,1794.4768901074578
710,2394.6725421961773
711,2103.3367031974567
712,1967.2489765877608
713,1985.0912991877951
714,2032.819703887014
715,1643.1636651662952
716,2379.173495354573
717,2188.729028589138
718,1968.038517527337
719,2430.315444140455
720,2654.12701772876
721,2322.4262223283527
722,1483.1737762002035
723,1626.3113885756413
724,1397.5636987302842
725,2146.8469858345293
726,1794.680391838007
727,3630.822850286302
728,1383.6654229641451
729,1552.1594428892631
730,1774.1483249711246
731,1540.4316297750959
732,2683.0856828319124
733,2761.910957507067
734,1926.52172761936
735,1502.463464617287
736,2282.547183203671
737,1722.7975354822509
738,2140.9816956098266
739,1932.1202193344793
740,2618.3746687691546
741,1966.933797735366
742,1935.1266429687028
743,2070.6460601885155
744,2884.8641801997665
745,1282.65098620974
746,2212.3963078521365
747,2683.0091587398224
748,2342.4470561835246
749,1808.3126529987694
750,1804.3918371601605
751,1916.2787423239258
752,1957.5168185311338
753,1886.8390544878207
754,1694.585902571906
755,1332.7982498591855
756,1777.7760009159435
757,2005.0418458614258
758,518.8538420286545
759,1991.6719224263966
760,1933.922974032014
761,1620.1458006335092
762,960.388231942349
763,2299.186965216794
764,1783.209844508039
765,1910.3583959624675
766,2054.039763262842
767,2393.1530196651174
768,574.7034643894078
769,1742.999052105165
770,2045.7843425346598
771,2806.435720853686
772,3192.461399164578
773,1500.0276226146277
774,2340.5046470230754
775,2364.8076452512832
776,1001.0916528515547
777,3122.574653057234
778,2140.963091757497
779,2151.7356033723368
780,1773.9550746687255
781,1996.4301299833355
782,1405.1590709398672
783,2493.7580588654987
784,2291.6330813798504
785,1714.298579432497
786,2253.226770327861
787,2019.730209059916
788,1756.4354834154803
789,2338.983675506885
790,1660.0430745326917
791,1901.5657263009755
792,1645.7108474535405
793,2910.6038582516976
794,2041.9055094580744
795,2800.7291956105314
796,2459.1893857557097
797,1770.7618262737283
798,2159.2618784861106
799,2061.361039723189
800,1942.8974388348531
801,1277.4455957870268
802,3167.5975056368816
803,2268.823347905845
804,2033.5488052628727
805,3152.5290582585667
806,1932.238821944132
807,2515.081018425231
808,1578.1872743749343
809,2242.3505262918775
810,1717.8565709033198
811,2963.4735037527043
812,1881.6878783590216
813,1851.2312876534897
814,1648.6161686650462
815,1887.6810112774588
816,2879.5270197169325
817,2780.130149662113
818,1924.8776935917379
819,2855.767273940764
820,1862.497791562002
821,1799.7250594802533
822,2151.537463973103
823,1691.7434593042158
824,2200.3158550360736
825,1276.7898225803488
826,2125.1138306051694
827,2026.6547365985969
828,1534.7013057122742
829,2017.0372546595815
830,1956.2034097456321
831,1494.1266789933188
832,2294.44276550566
833,2256.4596185751716
834,2469.567308197222
835,1716.6878573296633
836,2248.1808764166262
837,1806.5976057737248
838,2230.1988794123213
839,2574.747890826417
840,2450.388803137516
841,2500.2413150625644
842,2154.066877080617
843,1668.3724730609706
844,1976.4888021458773
845,2827.8454057288213
846,2505.7082683693716
847,1465.5195782441895
848,1700.6132486854858
849,1807.3225897692478
850,3292.648026564939
851,2210.4509566758893
852,2170.6773673418525
853,2402.163692847744
854,2407.7954199672895
855,2509.6239403271275
856,1890.6348911938585
857,1572.587404464009
858,1894.8065938860507
859,2188.9490824694813
860,2589.68039350951
861,2150.4400554857602
862,1440.4622209371382
863,1453.3862046862155
864,2085.9746705375183
865,1162.8510175109132
866,1545.3371281908944
867,1870.366766481701
868,2179.559119674834
869,1305.7122267403024
870,2291.4486763463055
871,1731.2188312545868
872,2087.267988804246
873,2930.9279833558803
874,2513.5371617508345
875,1950.4640780891737
876,2135.846423551826
877,2665.803441083294
878,1981.3530067144372
879,1394.5054596407765
880,2007.010157066237
881,1294.3768347108653
882,2619.568036370194
883,1579.2845391314277
884,1791.6239093989159
885,1295.244621875327
886,1803.4167029426822
887,2153.479477575651
888,2074.0319788452593
889,1501.759550897334
890,1961.2572286077225
891,1832.254867386701
892,2076.86539751314
893,2140.292653590858
894,1234.036781796135
895,1869.7067280943984
896,2179.8129435680494
897,1619.5868394491954
898,1906.320971847562
899,1722.5347150424082
900,929.3247924657214
901,2107.6130294721834
902,3238.0897619345606
903,2560.5459881217407
904,2020.1255917658777
905,2701.006678170257
906,2431.491290370171
907,2233.8496502176727
908,1848.8247542567874
909,2454.4994010966643
910,2743.57679852955
911,2523.8101786049756
912,2204.254838783063
913,2524.4309901587426
914,2233.145897773997
915,1551.1283028991554
916,2576.7149266163287
917,1552.240814847419
918,2430.7418015382077
919,1528.4510655720912
920,1446.1936150376764
921,2576.2650174987575
922,1762.38454003592
923,2105.2967264905365
924,2525.7444048441353
925,2625.668039744047
926,1897.948523173939
927,1440.9232969281425
928,2076.838907374782
929,2539.438732453092
930,1796.6214594482062
931,2000.8517985260821
932,1350.7721953799805
933,2135.3646859152655
934,1579.489214876067
935,1917.210191435882
936,2447.509608119194
937,2372.5742698047593
938,2297.879337685345
939,1516.3303003352203
940,2602.5730538202793
941,1361.6813999381407
942,1977.7104722621764
943,2426.7892640936925
944,2441.8834842222036
945,959.5346083223083
946,1985.4784352866054
947,2385.6830686984013
948,1585.9063283549362
949,1953.672788504673
950,2446.620743715826
951,1765.024572290917
952,1980.125698513823
953,2343.1688054855726
954,2232.6023219070084
955,1756.0790676536083
956,2548.8117494331204
957,1556.023368177737
958,2435.8638130099202
959,1359.7989742721472
960,2616.581692555185
961,1044.1453841009898
962,2955.1473241269073
963,2173.9841217946546
964,1692.7163275961161
965,2506.829729285538
966,1951.8055836733604
967,2412.5065371840756
968,2673.9011365462693
969,2158.8207760460473
970,2762.69644718428
971,1484.7392140048983
972,2259.2967117481967
973,1518.833884138721
974,1625.813302711198
975,2490.7464319945093
976,1018.1111503910544
977,1612.9742998542397
978,2092.481927357341
979,1843.4828125355857
980,1848.5443261153493
981,2235.4837284206874
982,2335.5392781859387
983,2205.803522425543
984,1323.8437930239609
985,3539.170764351961
986,2286.3354884003834
987,1880.3921954431564
988,1667.0333188186107
989,1192.222166642675
990,1964.5471808879768
991,2451.877960332142
992,1517.2720432818828
993,1613.5988307478437
994,1650.868775365669
995,1302.1687086550892
996,852.0781409579595
997,2943.442416205508
998,2370.0111384285838
999,979.4850140966242
1000,1805.1656744579402
1001,1320.4686444926451
1002,2231.5862280376678
1003,1851.703350188422
1004,1919.9241312662887
1005,2782.3246693458004
1006,2282.482891319232
1007,2074.1399520811688
1008,1455.468882043637
1009,2159.050525294463
1010,1463.6678359775856
1011,1964.4092500271972
1012,2785.1351906287255
1013,1696.256538311386
1014,1807.8030387899532
1015,1964.2707723556912
1016,1106.2179564212693
1017,1709.4593072158787
1018,1334.2587508239862
1019,2136.222653887834
1020,1483.316816746407
1021,1976.749169420854
1022,2828.464724096071
1023,2520.232976629096
1024,2458.134664306619
1025,2707.0857734950505
1026,2040.7937819073127
1027,2415.1298678813782
1028,1354.2643061797341
1029,1840.0546534777397
1030,2183.497124395444
1031,2285.3459019604857
1032,1618.1225914710308
1033,1790.931675847795
1034,2752.9616197872037
1035,2529.373514737363
1036,2895.443651050946
1037,1879.515629711154
1038,2134.0552271148867
1039,2615.2283446111205
1040,1807.6747601352938
1041,1961.9985724678954
1042,2061.1961143261656
1043,1615.4489022171074
1044,2425.2355303681866
1045,2660.344860512957
1046,2854.1789334266946
1047,1899.0528512377878
1048,1835.808582994819
1049,1782.282933694215
1050,2135.1246077101937
1051,1482.205367559867
1052,1727.7969797474839
1053,2313.604647240124
1054,2651.0359353175345
1055,2829.61282729436
1056,2410.2985566124426
1057,2065.9415641590513
1058,1968.2362992821315
1059,1938.3787220032998
1060,2933.5091554564133
1061,2363.4789668365065
1062,2140.150671317757
1063,1259.9493614762685
1064,2611.0615595054273
1065,1539.86096895902
1066,1482.2950984535466
1067,994.0853386672508
1068,2388.5987141586743
1069,1672.8011016813066
1070,2189.789308690442
1071,2368.735614330463
1072,2085.915609178602
1073,2162.7454627968227
1074,1891.1768395256245
1075,1573.1252987156838
1076,1404.081718358725
1077,3021.6587062015433
1078,1634.7993477924706
1079,2310.531509489144
1080,953.5948525370829
1081,1734.0943248819565
1082,1186.0793628522097
1083,2061.340755405938
1084,1873.2930542889458
1085,1925.6940516554596
1086,1725.4302836870852
1087,2015.8304268856427
1088,2217.602724434706
1089,1870.8797324330662
1090,1700.86051937461
1091,1312.5998505298312
1092,2266.991612441965
1093,1698.996981422189
1094,1890.7796242312781
1095,1864.0945416387358
1096,1575.0692925263431
1097,2944.432171296974
1098,3421.5175581513995
1099,1569.5418008229094
1100,1815.1129827052127
1101,2337.8723117048226
1102,2381.449900461653
1103,2596.804233990422
1104,1886.427312996725
1105,1642.565043072152
1106,2239.71239648154
1107,1026.2940494640993
1108,1520.1757907171989
1109,1205.3075411407162
1110,1729.5699762729694
1111,2358.914794868773
1112,1845.2565007336611
1113,2036.3017000154055
1114,2097.716333383599
1115,2538.580790681982
1116,1693.664042463123
1117,2456.301035768487
1118,2664.504895730621
1119,2713.38704758943
1120,1505.7903678110756
1121,2439.2598074776724
1122,2068.7623589737514
1123,2417.4703897849963
1124,2501.859889498847
1125,1534.5371580237193
1126,1531.4154208174846
1127,2426.4818049435207
1128,1920.5574457846333
1129,1841.7218006879702
1130,2158.0578128673806
1131,3131.7785812144057
1132,1581.5511181840448
1133,2638.663437716629
1134,2828.42325189191
1135,2129.455389948999
1136,2388.852854528884
1137,2066.2233607759504
1138,1991.6069663748276
1139,1373.4990678021747
1140,1878.150158369349
1141,1084.8227991230056
1142,1382.554079581261
1143,2204.633193401574
1144,1673.4621081850355
1145,2443.0377742340647
1146,1790.6270443176625
1147,2336.1166783094122
1148,1871.0960574868163
1149,1921.7356408587245
1150,2648.1879274709763
1151,2654.885407462534
1152,2463.1673088096986
1153,1846.3166478650676
1154,2090.7493910712624
1155,1409.680425868171
1156,2860.7574868750535
1157,945.2701351422465
1158,2758.5176069610484
1159,2109.3296048910606
1160,3079.274067885899
1161,2526.6040669827216
1162,1535.7936475349131
1163,2554.142655250286
1164,2625.8536134066812
1165,2000.1159082459335
1166,2363.838088526186
1167,1926.8806582023144
1168,1715.137416909611
1169,2197.9553434436875
1170,1550.8901311630832
1171,1221.950837617796
1172,1716.754147707802
1173,2360.1861404956894
1174,2211.1906295600434
1175,2071.09663847921
1176,2470.0752245511826
1177,1758.2895222978236
1178,1951.149308132942
1179,945.5331407520184
1180,2469.975227619027
1181,2202.2756707907033
1182,1919.8567465735123
1183,1463.9222745413904
1184,1377.089410774562
1185,1309.2620889222073
1186,2936.771208652104
1187,1541.444444474669
1188,2403.928622903847
1189,2100.7337292697034
1190,1428.5876223176265
1191,2864.074392301781
1192,1307.845741166239
1193,1964.8014413394144
1194,987.6479269126601
1195,886.9603543753847
1196,1874.266672098953
1197,1805.1733722920724
1198,817.1172236321509
1199,2151.296426254204
1200,2765.9361042283845
1201,1714.5196823500855
1202,1710.4490672183724
1203,1416.2608055076762
1204,2027.4594701850954
1205,2601.2877422556962
1206,2627.0511508424975
1207,2678.7583499554366
1208,2153.4240506349247
1209,2705.8571169639526
1210,2349.322198765066
1211,2125.803174160511
1212,2547.4029561257166
1213,2439.0775905239675
1214,2244.2407316563927
1215,1992.2502313421835
1216,3276.7487348138256
1217,2040.6474751382987
1218,2136.633992025863
1219,1593.962785447214
1220,1482.065236221104
1221,2553.187443973163
1222,2203.835793126052
1223,2116.8070837325813
1224,1525.9356957432515
1225,1176.2739208406063
1226,3108.825390336786
1227,3056.131693152993
1228,2660.47390014377
1229,1684.9474019372767
1230,1365.2429512760552
1231,1593.9758358195368
1232,2068.7980754294
1233,1892.8073297450871
1234,2504.014086933842
1235,2284.0175340206424
1236,2544.4871189332157
1237,2116.9287364600814
1238,2040.3152977381974
1239,2134.5500556192737
1240,1391.713689767893
1241,2646.969597595993
1242,2452.298775050491
1243,2408.039304815692
1244,1891.327971927551
1245,1769.0700349031085
1246,2223.0631979171294
1247,1488.1688067895263
1248,2299.128111915327
1249,2158.557792107374
1250,2152.6041941624544
1251,1748.70312202951
1252,1761.6704851907555
1253,1775.8351184528515
1254,1338.9197567150609
1255,1590.487156135066
1256,2011.907019532697
1257,2478.38167273782
1258,2374.0437525750435
1259,1929.7961600222943
1260,2034.9119375045539
1261,2164.348674200609
1262,2564.3483075198797
1263,1581.2076274732503
1264,909.6490465228794
1265,2499.3845680254417
1266,2038.1231108314516
1267,2042.6423444867287
1268,1751.9366771387417
1269,2088.221349936659
1270,2590.9395639726426
1271,2188.8729968009775
1272,2122.814515300074
1273,1034.6763929227595
1274,1212.9116422021589
1275,2058.5357235730276
1276,1507.813214323767
1277,1375.3816397476498
1278,2021.4121311593951
1279,2089.2977182454365
1280,1120.044620133362
1281,987.5106468677417
1282,878.1243135972522
1283,1608.9846212783136
1284,2330.8540403006596
1285,1645.150079109966
1286,1672.5428947918306
1287,2330.1573359369495
1288,1582.6265615812365
1289,1937.9969828136318
1290,1411.390466664327
1291,1156.4703130497871
1292,1496.2640796527612
1293,3029.9190683897127
1294,2496.4706829576035
1295,2637.073575584782
1296,2729.3045748052614
1297,2072.4261297632734
1298,1746.1676738216881
1299,2332.4509197835137
1300,1792.827769167813
1301,1384.3753737203824
1302,1927.294806790869
1303,2222.6041278628463
1304,2501.3261811772227
1305,1777.9963251708275
1306,1671.126943182769
1307,2365.8495300032937
1308,2049.8450279209665
1309,1856.7300872562332
1310,1735.9592212685945
1311,1849.911354849656
1312,2354.234347766823
1313,1644.832594062625
1314,1553.671369348737
1315,2046.3935691001582
1316,1747.7912243500302
1317,2820.758586584621
1318,2865.11260006702
1319,2939.8462109545853
1320,2491.89334696873
1321,2529.417075036333
1322,1057.413953633875
1323,1690.321450500137
1324,1550.346150141811
1325,2428.327281107494
1326,1676.1202790393004
1327,1831.1852311851612
1328,2124.7140119784513
1329,2140.0118174866857
1330,2022.650331866506
1331,1566.2945808436687
1332,2570.004742791483
1333,1598.0333886122762
1334,2051.456502180509
1335,1881.6126655078333
1336,2181.7874172813063
1337,2900.2262383774632
1338,2071.5937734775953
1339,1988.4577647012513
1340,2167.747873972874
1341,1586.6741924676726
1342,2935.2401902823635
1343,2258.4308433316414
1344,2257.812972917621
1345,1300.1146805632825
1346,1743.4620535255306
1347,2043.5004738516716
1348,1973.238552523577
1349,1524.6674721283825
1350,3210.5505478068326
1351,899.4423629088706
1352,1235.8070187747735
1353,2076.956109201323
1354,1462.382125905958
1355,1786.0158730642133
1356,1038.2827190972653
1357,2611.135106288192
1358,2209.85347296945
1359,2261.275077062724
1360,1775.5035744524455
1361,1809.9629061469266
1362,2223.9282597239694
1363,1345.1500391743925
1364,1909.4575456623172
1365,2394.931902001642
1366,1269.4297134335795
1367,1750.7427870111255
1368,1390.7868587421854
1369,1834.750008265734
1370,1285.444959908375
1371,1994.7749525893953
1372,1582.394163913398
1373,932.0054177233078
1374,1544.266880676113
1375,2441.4926006134206
1376,1737.7318102960257
1377,1374.9982434985773
1378,2342.983560925837
1379,1942.5092941762507
1380,1771.2393101073242
1381,2196.4511097407426
1382,2061.1699124054308
1383,2269.620285880673
1384,2045.6088916019924
1385,2268.917995514403
1386,1534.030987770127
1387,2395.1614462279517
1388,2381.330418614989
1389,1552.0464991642211
1390,2335.5727559476345
1391,1356.4957531391087
1392,2037.3246876106007
1393,2318.5720489552004
1394,2772.2398354631923
1395,1642.089894091635
1396,1841.2203521300257
1397,2168.2631758768266
1398,839.1468000715552
1399,1489.0986865184166
1400,2188.1172249202277
1401,1574.608552692077
1402,2697.7066576975567
1403,1424.2521957786066
1404,2303.6383425790395
1405,2142.5226648335483
1406,1823.1280008253595
1407,2368.5392315854974
1408,1427.4255558367931
1409,3222.3450614014682
1410,1923.8863544319959
1411,1971.7151758969019
1412,919.6928751974579
1413,1342.2902152567149
1414,1078.126469877164
1415,879.3720562206177
1416,2554.642789989045
1417,2142.022168098845
1418,2190.9214281498744
1419,1199.9444727344298
1420,1842.1496963160666
1421,1832.052101041125
1422,1830.446202846567
1423,2311.2603560935695
1424,1537.188576421848
1425,2202.5891097692047
1426,2091.3703269375405
1427,1815.3725332360611
1428,2344.4108460484977
1429,2046.580243074052
1430,1422.6835879340856
1431,2474.7031910467613
1432,780.0910282733839
1433,2439.8670029084565
1434,1879.6435678346998
1435,1941.167205405836
1436,2131.8232645412604
1437,3220.974768585178
1438,2512.9699352085017
1439,1319.04414502178
1440,1899.1751927312084
1441,1924.3386159093475
1442,2524.0148432295728
1443,2403.54928059817
1444,1846.3484040958294
1445,2626.805055464225
1446,2016.4407112799681
1447,2315.6516948475573
1448,1483.6668646399307
1449,1441.7354191581262
1450,2725.8977758941055
1451,2538.7409141098415
1452,2095.719540102404
1453,1730.6955243422824
1454,2631.4734928785965
1455,3080.5154804435365
1456,1551.16621669379
1457,2435.388500904178
1458,2280.7449155445875
1459,2501.8261394731444
1460,2211.746185108138
1461,2084.7855907174585
1462,1048.1058634535643
1463,1380.1854215078347
1464,2198.4060005741694
1465,1711.5174144744938
1466,3108.035432354828
1467,1874.1669789178281
1468,1887.62712433983
1469,1701.7092677566916
1470,2592.0228719536362
1471,2456.1824557029217
1472,2470.5793050993257
1473,2073.466232570452
1474,2483.6238394683755
1475,1890.3568519819696
1476,2171.6046383452235
1477,849.517620150448
1478,2062.7863841722524
1479,1609.875060502143
1480,1115.1781831003343
1481,2696.719878060888
1482,1492.039999087367
1483,1687.9250983158545
1484,2814.012706790618
1485,2567.800071775176
1486,1063.7183028716784
1487,1571.7189484006465
1488,1807.874172862481
1489,1914.9754810520512
1490,3073.2625604953373
1491,1894.4117558094447
1492,2113.691795526734
1493,1239.4609361873968
1494,2479.8617043978834
1495,1918.7356242498636
1496,2164.073228162068
1497,1728.6424494130804
1498,1668.9190518294095
1499,2371.137568048016
1500,1648.4922513424413
1501,2287.1849137802405
1502,2126.867824772194
1503,1808.674874940963
1504,2484.0527163457473
1505,2424.699120540612
1506,2120.711651199122
1507,1668.697789734715
1508,1995.1282279152929
1509,2302.7694962090955
1510,2046.0805914226967
1511,1850.268786509945
1512,2295.6408462696613
1513,1497.9989285266552
1514,2079.8414439353396
1515,2679.4395639251206
1516,1443.6606054260883
1517,1868.7111727002184
1518,2424.709490926268
1519,1930.6199847128403
1520,3349.7795270653196
1521,2042.5501382217553
1522,1629.4643607395344
1523,1906.4686507195267
1524,1882.8314962060717
1525,876.9133444812878
1526,2142.189794102196
1527,2129.5815670673705
1528,2175.591275356533
1529,1244.5459058415154
1530,1704.363356402895
1531,2043.301994574916
1532,2608.220180262059
1533,2258.980781862021
1534,1207.2402554530938
1535,1923.5371497917463
1536,2109.232759954933
1537,2142.823779415397
1538,1618.9682731964792
1539,2545.924865994043
1540,1629.1249441871555
1541,2167.0077760608433
1542,2027.8393851341893
1543,1145.3096939755965
1544,2018.6462778899574
1545,1659.9730767148594
1546,2296.446472211967
1547,2497.040748408746
1548,1619.4368317033286
1549,1317.732361547461
1550,2327.2680933547917
1551,3001.983725962059
1552,2205.4869966703022
1553,1488.4267911577724
1554,1040.8441266109367
1555,1409.3814052965513
1556,1708.9239798099397
1557,2040.3242501318953
1558,1221.0151598380962
1559,1715.915982743648
1560,2206.835556999227
1561,1826.814289747991
1562,1937.7943659222299
1563,2921.242587913361
1564,2398.3693842875323
1565,1926.5611234479516
1566,2309.058347611016
1567,1898.3625334937683
1568,1622.095269116378
1569,2799.7530507789047
1570,2063.366465445226
1571,1807.2255209189193
1572,2152.751055037786
1573,1901.3185621023142
1574,1247.445495168235
1575,1466.9413127369007
1576,1812.925536619863
1577,2174.680373567223
1578,2220.7561936829625
1579,2154.332207659833
1580,1969.1804547697393
1581,2008.7697099554628
1582,2543.2895107303607
1583,1402.8567143547464
1584,2587.7160749043705
1585,2128.500272413452
1586,1916.240495563728
1587,3547.5399760666132
1588,1634.0869365224394
1589,1091.5048242475098
1590,2098.1077858073522
1591,1873.8956674089575
1592,2066.940716965732
1593,2512.1767884703427
1594,1926.499927314448
1595,1567.8167819890164
1596,1128.9577138238396
1597,1697.4792486520087
1598,2288.728998522838
1599,2523.1985364227558
1600,1948.5127323484653
1601,1829.5448382657717
1602,1433.8764897656447
1603,1829.4384592275715
1604,1557.1670269566775
1605,2225.937623051971
1606,1306.2595766534027
1607,975.228573347794
1608,617.8626849644697
1609,2057.244381295468
1610,2682.3090549031467
1611,1972.6599586017644
1612,2215.8366165079883
1613,1812.8465320911555
1614,1364.8863854854812
1615,2352.3233520238286
1616,2927.460575887175
1617,2157.4301034612668
1618,1583.2474515013162
1619,1806.7009586207087
1620,2099.3136829743444
1621,2808.028217881383
1622,2167.0134645758367
1623,1994.072966576178
1624,1669.6256109535393
1625,1441.9272515310304
1626,1089.1444699210797
1627,1331.718555457945
1628,2171.2872368512944
1629,925.3210409746771
1630,1585.178964572282
1631,1032.0063293114838
1632,1807.4517935460487
1633,1886.2156939865936
1634,2532.448164398079
1635,2191.331178582061
1636,1898.8730199818524
1637,2587.6003556338073
1638,2320.1785871153993
1639,1378.4076105196377
1640,1717.1453653811684
1641,2649.2894659669946
1642,1449.9336968907812
1643,2345.2190320711493
1644,1584.2477281671468
1645,2909.4812341218126
1646,1387.8895300553086
1647,1592.5940714241756
1648,2525.6258072845567
1649,2224.85014130909
1650,2252.533042312046
1651,2507.4002966314497
1652,3005.4104320282804
1653,1565.644089685721
1654,2145.024528178741
1655,1792.076074663339
1656,2283.183468558765
1657,1822.301964482431
1658,2147.0194522067595
1659,1785.349300749634
1660,2029.4686898553302
1661,2909.6151205371157
1662,1657.7170196106113
1663,1928.103297505193
1664,2443.9767772110445
1665,2104.746462708627
1666,1729.7569366467583
1667,1939.179406819828
1668,3291.4565221460566
1669,2584.122452385832
1670,2386.654861737559
1671,1612.1848723090393
1672,2277.3776761957015
1673,2948.2705172734422
1674,2137.959967003653
1675,2043.5630503876741
1676,1468.695571722625
1677,1275.7025228283142
1678,2353.5709847185244
1679,1323.637787708992
1680,2422.615003258441
1681,2686.306365092206
1682,2125.94111074305
1683,2357.912551307461
1684,1956.5859701227043
1685,2523.2481390833145
1686,1588.571838144188
1687,2187.6258396474664
1688,1967.4234820812376
1689,1716.5036518249276
1690,1850.6921724875774
1691,2387.6758186425895
1692,3140.037607141428
1693,2449.671536691184
1694,2773.4778770813755
1695,2454.7089848303626
1696,1623.297145189132
1697,1592.2309999532886
1698,889.1356256224406
1699,1969.8026026264092
1700,2551.1071694345765
1701,1868.9650472931162
1702,2537.586727189445
1703,1713.2038207268054
1704,2107.8939587737127
1705,2833.706907102704
1706,1847.194815342395
1707,2717.6981052722776
1708,1498.6196682638576
1709,2260.726208018669
1710,2098.9410766981714
1711,2436.235982968381
1712,1716.1682901568543
1713,2050.684379613301
1714,2412.7492373973378
1715,1978.484952599671
1716,1710.5793323351522
1717,1970.0154090032518
1718,1867.2255868896486
1719,2081.330989209934
1720,2798.424319954348
1721,2242.300370414943
1722,2579.8451229814236
1723,2150.5167700981515
1724,1543.7823809359822
1725,1277.5862954121226
1726,2424.337035665726
1727,2625.7062285663715
1728,1883.2766039402002
1729,1492.7477389989226
1730,900.8494570556647
1731,1506.387448390348
1732,2068.1086294655606
1733,2423.2542295359754
1734,2051.8055638780847
1735,2157.878766480768
1736,1965.3381345021485
1737,2560.3776687814834
1738,1694.871952984743
1739,1989.5542368803976
1740,1554.0981107820821
1741,2363.3434853616486
1742,2166.6752835322523
1743,1699.4664834959458
1744,1484.2009566722754
1745,1779.0238959113458
1746,2562.7148089355032
1747,2791.7964427392308
1748,2398.508667366405
1749,1532.2930085916432
1750,1819.116913398234
1751,1846.560591822197
1752,2466.4550913492103
1753,2504.3344213203677
1754,2367.1627970284812
1755,914.213345525342
1756,2786.779176973627
1757,1682.3594324063445
1758,1541.0397866987855
1759,2961.895223157454
1760,2690.0610163712267
1761,1628.863323336162
1762,2309.2936134971833
1763,1720.9543115936694
1764,2138.76260829528
1765,1265.3179238436594
1766,1514.7315565021613
1767,917.8142996635193
1768,2164.140854651672
1769,1982.677780836757
1770,1584.6683952772025
1771,1713.367737158296
1772,3111.187712559397
1773,2586.7246517602207
1774,2184.165454657508
1775,2490.4075272196633
1776,1923.7408082142827
1777,2062.051332583519
1778,1407.6692031487823
1779,2022.0926095930497
1780,2151.6821529063022
1781,3237.518319195151
1782,1684.5451515575646
1783,1488.1152286995123
1784,1613.8935263201865
1785,2724.246425189434
1786,1955.4692786681287
1787,2479.252456897062
1788,1820.7157513508882
1789,2427.9097370413992
1790,2178.6597990518003
1791,2226.3251912646356
1792,1361.7103052860666
1793,2149.001462161837
1794,1720.504632995984
1795,2078.675255336658
1796,2486.014228581069
1797,1968.8107165456408
1798,1610.6164763078793
1799,1100.9616847993736
1800,1699.7345362057265
1801,1345.924417175781
1802,1290.0549941880176
1803,2497.4354361719925
1804,2229.2760844995823
1805,2263.7366568097823
1806,2688.110721936794
1807,2517.515973172781
1808,2547.6455742977832
1809,2186.121266738305
1810,2201.6373797337956
1811,1745.0572058623295
1812,1654.1186731230855
1813,2258.9218963038097
1814,1378.6399519034946
1815,2326.280558398163
1816,3076.596901159585
1817,3083.359548586902
1818,1275.640405640063
1819,1566.5230713021074
1820,2325.61171133273
1821,1603.5352792223528
1822,1907.2152799157718
1823,2687.342252221467
1824,2227.6584085535824
1825,1849.6217105605087
1826,3041.705842267861
1827,2245.9492941920885
1828,1970.5415102376935
1829,2575.4690008902267
1830,1354.0583949310007
1831,2208.3064218889936
1832,2250.146979914519
1833,2847.0841909835917
1834,2145.1844076582593
1835,2612.3129108791322
1836,1981.2259121660154
1837,1773.6376415670065
1838,3123.4869916310163
1839,2768.7118346809
1840,1714.7644787415238
1841,1131.2223477867005
1842,2004.5723323348152
1843,2052.368458933579
1844,1992.6575166903976
1845,2010.9555005481768
1846,1976.4301516665087
1847,1434.8020579346194
1848,2837.725524706849
1849,1068.2355770417971
1850,1700.78255890106
1851,1578.305006614567
1852,1744.0484156461184
1853,1843.449382654569
1854,2541.519298872196
1855,1974.9222468694372
1856,2166.5469814297317
1857,1384.2180000438166
1858,1540.2799667285997
1859,1686.2544622280286
1860,2009.4079818915184
1861,1799.367966343564
1862,1572.2875437114146
1863,2260.491448271653
1864,1956.1367379663227
1865,2167.682332583826
1866,1257.8164249252256
1867,2555.0800902919887
1868,1025.6042095851599
1869,2164.098753689152
1870,2274.506441265875
1871,2732.5093347264637
1872,2499.531596152743
1873,1669.0662771398038
1874,2640.7527690065494
1875,1443.4689206537118
1876,1280.5934114276256
1877,2551.066894258125
1878,1649.3354766841014
1879,2675.5878908588006
1880,2075.6698085369444
1881,1865.457060600934
1882,1660.585186316332
1883,2174.55434018763
1884,3139.701203209734
1885,2591.4756832667986
1886,2315.9297760390245
1887,1312.6472091354167
1888,998.490893654535
1889,2767.9670436315887
1890,2888.3800648890365
1891,2387.997554093004
1892,1446.3189539272482
1893,2613.160907890331
1894,2284.5317852831545
1895,1800.249729946368
1896,1946.3850717655494
1897,1045.8252932852822
1898,1898.0119762902239
1899,2045.0720452004205
1900,2850.0803154675014
1901,1706.2046613526093
1902,2099.1071994789886
1903,2753.1752281683866
1904,2306.07427434297
1905,2274.4950925282537
1906,1389.636323765496
1907,1767.479519871004
1908,2687.7008849774857
1909,1511.5592194947203
1910,2021.8733893395852
1911,1374.787996575898
1912,1773.582495581026
1913,2184.612893620818
1914,1414.6445301599151
1915,2897.5290150968513
1916,1777.2754371194787
1917,1437.8227650948697
1918,3064.0415538371944
1919,2578.4725829579565
1920,2363.296487513477
1921,1586.6863000791582
1922,2638.6296404632053
1923,2183.09322678836
1924,1824.0805816030374
1925,1972.875241876759
1926,1224.7033932871846
1927,1472.1678830742662
1928,1701.128407538275
1929,1952.09266240964
1930,2112.601527269352
1931,1283.2278468369846
1932,2400.4493069898067
1933,1423.7032262004013
1934,2058.859724896456
1935,1702.8976140907084
1936,1876.489722626133
1937,1109.7432462610682
1938,2651.605432253808
1939,2060.38309823241
1940,1698.355034615814
1941,2536.6069995965845
1942,2037.449480697936
1943,1731.7701499302404
1944,2138.2653954722764
1945,1998.063465347671
1946,2334.47201107567
1947,2305.8773035161594
1948,1754.246845076489
1949,2380.5354897057423
1950,2178.506957976646
1951,1606.4265921087917
1952,2116.5553564921356
1953,1473.234827832958
1954,2885.7311110724813
1955,1900.414369216255
1956,2562.2823753828375
1957,1739.3262425066068
1958,2207.2551613454175
1959,2156.865171838761
1960,2577.705887355246
1961,1402.7767887129316
1962,2022.5373232391942
1963,1732.831781028929
1964,1457.0171073559188
1965,2424.285492040365
1966,2503.025382546592
1967,2425.94604368692
1968,2216.480168955178
1969,1144.4475968161526
1970,2126.1868181533764
1971,2068.991104958372
1972,1803.2570526432257
1973,2758.063040976312
1974,1988.1828229539708
1975,2287.801942555752
1976,2122.816750457555
1977,2015.7900657391276
1978,1941.5473373476407
1979,2296.5709621336596
1980,1348.754445863169
1981,1582.2942947958459
1982,1346.1812046250734
1983,2427.532185932114
1984,1693.4837027083174
1985,1474.5104022694763
1986,2223.66704466084
1987,2521.893063069848
1988,2800.021266821123
1989,2082.666524808598
1990,2224.5984907669754
1991,1991.2469934505893
1992,2268.571115113924
1993,1480.811528838255
1994,2700.641973020919
1995,1675.1170888667884
1996,2001.1108231966987
1997,2079.0051774528774
1998,2073.79713521755
1999,1419.190206851173
2000,2248.3761685161894
2001,1058.8174553347346
2002,2020.4192127216156
2003,1454.3117498211204
2004,2766.402600688455
2005,2314.777542342452
2006,2396.4824480552124
2007,2044.6703639226455
2008,2105.8106848379775
2009,1749.615395268068
2010,2333.999716367857
2011,2037.6797221517843
2012,1866.724901099516
2013,1197.2871389565012
2014,2025.3357286313615
2015,2575.576477567806
2016,2354.009940342146
2017,2887.496018459648
2018,2793.064907781203
2019,2096.4784721433202
2020,2260.387139840862
2021,1641.2500979331576
2022,2056.778438053596
2023,1778.3174346365556
2024,815.8941380841375
2025,1897.5430498615528
2026,1184.1116569186424
2027,1748.7795186875094
2028,2281.0084134802837
2029,2315.3407741045116
2030,2209.708517192993
2031,2136.960135389879
2032,1153.76299544121
2033,1322.2604792111902
2034,2632.310485958812
2035,2869.3906014376003
2036,1815.6668570558088
2037,2055.633619100232
2038,1594.2288312798757
2039,1575.129905505968
2040,2341.7336064096353
2041,2070.026207588245
2042,652.7625838120239
2043,1730.4102962230695
2044,2571.7232835591585
2045,2033.994523336138
2046,1515.0687137027612
2047,1642.0935673721392
2048,2694.387083061626
2049,1830.2772377179347
2050,1563.503891550633
2051,2047.5957823930755
2052,1711.3983560092033
2053,1816.9296539112968
2054,2591.22131005675
2055,1329.1797770142116
2056,1851.6111578096572
2057,2416.6074079766595
2058,2029.7218408590686
2059,2037.6005650270238
2060,1659.7680956937818
2061,1586.0943919099159
2062,2229.366690007058
2063,2570.261787139867
2064,2259.9845956991567
2065,2267.159036057746
2066,1525.7892684969406
2067,2551.598147627185
2068,1811.4371756030675
2069,1716.2405669158559
2070,1799.660246286268
2071,1643.637235728444
2072,1763.3874210168622
2073,2840.3059855671113
2074,2187.1817898859094
2075,1932.2661573575303
2076,2324.736850945173
2077,2171.0262989820776
2078,1858.9227465080191
2079,2089.9241342074674
2080,2117.6324240576078
2081,2384.2514621223904
2082,1518.2255418957436
2083,1972.1066970862996
2084,1615.0417952891896
2085,1314.752024221476
2086,2119.7818171405884
2087,1641.5402223887415
2088,1450.9044392667447
2089,1819.1039382276892
2090,1532.615669404957
2091,1899.9654730064815
2092,1583.0095080084166
2093,1720.2765233220875
2094,2403.772769269736
2095,1787.608074071266
2096,1505.917719328386
2097,2899.5193248204955
2098,1701.937930083633
2099,1609.976235218428
2100,2592.2795941673094
2101,2378.936048697651
2102,2460.278516344536
2103,2368.401357018527
2104,1339.3972052832169
2105,1654.5550251606626
2106,1830.4111771179857
2107,952.1431376595137
2108,2901.851324791766
2109,2921.4159119549404
2110,1583.3596493418554
2111,2389.4974738783653
2112,2278.3979618849417
2113,2338.771729311842
2114,1725.298403533468
2115,1887.9883889438975
2116,867.1409889416611
2117,2345.4201158468577
2118,1910.725739558728
2119,2064.0130710471217
2120,2531.775240156259
2121,2125.2044249759347
2122,2506.4277567523773
2123,1753.3915141225255
2124,2869.9919723112444
2125,2000.5457606297082
2126,1757.491654906943
2127,1297.5611463174987
2128,1743.5606144119483
2129,1850.784446318304
2130,1378.2505483810883
2131,2145.3543172170516
2132,2056.8490987637692
2133,2674.978943170132
2134,2002.386616933018
2135,2167.258801438793
2136,2011.878287715425
2137,1226.0243702124872
2138,2210.282364822273
2139,2048.236356191548
2140,1647.6581480124814
2141,1927.3554628866298
2142,1979.6122060265607
2143,2864.934569627527
2144,1942.8151004031217
2145,2231.6006279364065
2146,1368.1480930569608
2147,1884.6040082488678
2148,2326.0632781051
2149,3328.8928412339883
2150,2661.1603799824193
2151,1447.0262855744468
2152,2219.903871362373
2153,2219.5158014535414
2154,1651.8768015901926
2155,1946.777015509222
2156,1676.9649634372392
2157,2550.748125401084
2158,2896.910941560718
2159,617.5403192105757
2160,861.1440224181295
2161,2856.7720514572884
2162,700.1243938996231
2163,1370.5792643009036
2164,2016.2987861462127
2165,2558.8600058021602
2166,1708.4685389114736
2167,1829.557330347528
2168,1341.033193316487
2169,2544.0503311251487
2170,2534.138854560483
2171,2842.1185663644937
2172,2397.6002500524937
2173,1478.1428824365385
2174,1933.7634632428912
2175,1777.0598515105899
2176,2844.4771256985427
2177,1895.4839569023843
2178,2142.887643469574
2179,2194.062415225173
2180,2162.4415465430484
2181,2497.9233918257605
2182,1292.3290844729552
2183,1626.6645178632737
2184,2590.720358469715
2185,1958.3636495520689
2186,1714.5933620489534
2187,2339.244876213442
2188,1941.9501976795684
2189,2061.463288597422
2190,805.9393949008565
2191,1106.4085911200182
2192,1062.5165186912513
2193,1711.1538577215988
2194,2660.685997134641
2195,798.114136742865
2196,1525.274937225297
2197,2312.668309858141
2198,1410.0541403274046
2199,820.0322899668311
2200,2116.883888666349
2201,2422.000099924117
2202,1802.2677447389526
2203,1693.251916606714
2204,1612.305779314054
2205,2148.001857994269
2206,2005.9627694860833
2207,1839.7503972612349
2208,2318.5470299503263
2209,1454.8145936025262
2210,2081.486241537851
2211,1859.5394134952558
2212,1665.4251581671842
2213,2413.0044645803778
2214,1672.2533759931184
2215,2201.345615506146
2216,2076.712764440952
2217,1803.6538052189771
2218,2152.005772532576
2219,2093.606319586085
2220,2022.287905888808
2221,1529.4488632260855
2222,1330.2825364426476
2223,1639.21804118284
2224,2409.959196849061
2225,2270.9749796538235
2226,1630.3149341173184
2227,1992.0751555851477
2228,1868.7437442833716
2229,2277.478810828447
2230,1794.4080168509163
2231,1631.147980877486
2232,1756.3647955657652
2233,2376.896728416714
2234,1559.7252259045924
2235,1225.3024847030042
2236,2550.6487712256876
2237,2392.93911177061
2238,2344.6086104557894
2239,1622.7482214457318
2240,1594.0067599047545
2241,1963.8016913015977
2242,1673.7774778785874
2243,2177.6118514504424
2244,1550.985141181945
2245,1411.6363906412494
2246,1489.8652332741963
2247,2209.328238139677
2248,2450.442516535574
2249,2529.9467569621747
2250,1842.5792921381694
2251,1419.8453969884044
2252,1636.1657491007095
2253,1527.1733644781075
2254,1908.1122068537438
2255,1876.050278629482
2256,1988.2772789350258
2257,1685.4841584834999
2258,2897.605949705826
2259,2159.6444322125944
2260,2952.9560598411567
2261,2546.700570209643
2262,2499.2611022730757
2263,2103.363498544135
2264,2097.050000155679
2265,1376.3929415201417
2266,1819.1977086087772
2267,2478.904662686613
2268,1261.5775623521758
2269,2273.6293735076983
2270,1927.363361925899
2271,2319.670451457204
2272,1604.9781563765232
2273,1929.5342149519681
2274,1017.1663537941868
2275,2096.7838352746003
2276,1450.0436754511516
2277,2270.740890524297
2278,2093.2012725927557
2279,1939.3322371039465
2280,1966.7834177847637
2281,1944.2797102069521
2282,1969.7373636081238
2283,2893.0057309458666
2284,1302.4093203494078
2285,2096.7727178424475
2286,2260.482915562705
2287,1535.0229055699413
2288,2746.008648613834
2289,2369.253892346524
2290,1513.5254875066116
2291,2325.4170485650884
2292,1499.6524929744473
2293,1779.3022121749636
2294,2014.6135415195154
2295,2508.805363180361
2296,2247.2413002429466
2297,2408.7854570722566
2298,2185.2541944613768
2299,2730.703613169049
2300,2228.8238747300798
2301,2512.863151592351
2302,2193.8799632721843
2303,1747.8330331096727
2304,2031.4251000050037
2305,1872.1710248544866
2306,1694.4496151708552
2307,2516.0776174356733
2308,3475.3294854105543
2309,2045.486518016952
2310,2672.8278851179703
2311,3369.0370814529547
2312,2238.3183781652347
2313,1827.1655522223748
2314,1454.5321598198966
2315,2576.5704810091665
2316,1544.7529249613708
2317,2998.7764785120407
2318,2425.5804763223746
2319,2984.128726195419
2320,1367.2929732406808
2321,2797.474342037764
2322,2661.4627274781515
2323,2090.822462928409
2324,1796.462207907588
2325,2052.4236334391367
2326,1594.6729011049683
2327,1633.9602209165787
2328,1767.990861578363
2329,2253.975316724175
2330,2089.808949745181
2331,2664.6719645872636
2332,1929.9848883218442
2333,1808.7569628703975
2334,2001.7131685500483
2335,1536.6127711167585
2336,2617.41797658349
2337,2008.6554664331234
2338,2064.2207648397944
2339,1819.4821412171148
2340,3272.7895125051073
2341,2409.3662898465236
2342,2479.104643820791
2343,1567.6097231114684
2344,1018.9482995675505
2345,2597.093911341128
2346,2323.7405892176957
2347,1781.4724384585304
2348,1928.7980064436356
2349,1827.247877016908
2350,1941.2283276845228
2351,1780.2177708640959
2352,2420.6308698189687
2353,2200.875856629137
2354,2068.1843637555994
2355,1671.3820101469814
2356,2731.008590597242
2357,2126.7458774626143
2358,1707.5709800722575
2359,1797.062533922498
2360,2814.861106135675
2361,2429.2230141635305
2362,1778.8198188828087
2363,2409.546044378975
2364,1856.7089348356262
2365,2669.623976818425
2366,2632.9109900401804
2367,2125.1409552697874
2368,2796.538029556113
2369,1596.7760139800944
2370,1278.1774532698503
2371,2088.3018281855984
2372,2183.4360949897805
2373,1596.5009671616474
2374,2545.3580958657553
2375,1799.3024877401708
2376,1893.0775050882262
2377,1631.5121158770046
2378,2203.4676221883715
2379,1780.1529719507955
2380,2241.9570971718445
2381,2333.5127896359036
2382,2444.439130417826
2383,1822.927322368578
2384,2444.056412833126
2385,1951.7877327295469
2386,1985.5643688883379
2387,1512.2659914352594
2388,2505.17287647562
2389,2764.2349666272485
2390,1781.797392223987
2391,3447.9594243579595
2392,2540.0326470122304
2393,2205.7108148802718
2394,2495.7499763904416
2395,1395.0984812277961
2396,1994.407078667124
2397,1505.778285776841
2398,1967.807213826008
2399,1444.9965747524498
2400,1370.2291727476027
2401,2469.445359444251
2402,1720.475544572117
2403,1642.4562136359664
2404,2299.573150948718
2405,2694.229910762876
2406,2279.696106254073
2407,1645.8736546831815
2408,1614.6111284170265
2409,2517.654505814593
2410,1302.2203636527586
2411,2752.325250612693
2412,1153.5332423344403
2413,2601.5728511334964
2414,2303.053435389522
2415,2549.058577477378
2416,2316.738730021947
2417,1775.2873597788584
2418,2070.8292120898277
2419,2162.491065892402
2420,2206.031791997796
2421,1915.3332450665202
2422,2525.77902299374
2423,2221.71192846846
2424,1419.1165941123052
2425,1246.6823539861693
2426,1672.5862569906167
2427,1523.2206656466576
2428,1775.2046638030167
2429,2445.477818692635
2430,1693.212291996621
2431,928.0926025283845
2432,2892.609044293984
2433,1760.3820565222866
2434,1543.633761545357
2435,1695.3659748957555
2436,2348.7316403080677
2437,2578.6624733597814
2438,2003.0597700462283
2439,2363.6809627953876
2440,1439.6035800767927
2441,1822.0374960851511
2442,1100.2417290491362
2443,2132.3436710997366
2444,2258.331416984469
2445,2083.39899900546
2446,1691.4761478040302
2447,2244.3265496494378
2448,2119.646879935417
2449,2007.4992810062902
2450,1649.2171714419353
2451,1392.7860874246749
2452,2443.2252724718064
2453,2421.1614851335503
2454,2430.20911841193
2455,1865.0448542352945
2456,2898.1487143200657
2457,1916.3763759366454
2458,2473.9280344706312
2459,2735.773599717249
2460,849.2221073465371
2461,1515.4811636964046
2462,1311.4776770519002
2463,1841.9363940931012
2464,2340.9493773068557
2465,2706.451078222932
2466,1412.9319552487827
2467,1947.794173205124
2468,2490.271957463551
2469,1718.1615705885815
2470,2284.41330397004
2471,2441.9503698572794
2472,2509.252211931041
2473,1848.4985155099787
2474,1444.8624944749995
2475,2082.894764909256
2476,1545.2949614869967
2477,2857.422805328097
2478,2166.820257864202
2479,1218.707510187948
2480,2333.941204739672
2481,1442.1524478648862
2482,2016.9856108636975
2483,1077.1265436750984
2484,2442.609241483071
2485,2599.9987530585927
2486,2067.4362991582902
2487,1808.5351391012912
2488,2279.0404597972406
2489,1743.410951068286
2490,2088.7279107995973
2491,1981.9080476201761
2492,2163.3848987705896
2493,2413.020509170832
2494,1837.4329495029901
2495,2552.4173709795946
2496,2270.031044429713
2497,2570.167105891422
2498,1517.1809632815507
2499,2544.8937271292575
2500,1701.5900054976023
2501,1419.0691313169145
2502,1647.0093739594695
2503,2458.5370188362854
2504,1655.8997871608258
2505,922.2731501181597
2506,2343.844861594541
2507,2341.2741398691314
2508,1819.8098416008986
2509,2635.0994369961186
2510,2644.8147646349744
2511,2563.328124475506
2512,3254.922974175976
2513,2803.9835730583845
2514,915.8226578728738
2515,1732.0202194140327
2516,1950.901416836242
2517,2262.3393517881054
2518,1859.421231981796
2519,1745.1056226806181
2520,1935.9331751901811
2521,1046.4042481125796
2522,1437.7288780152367
2523,2353.136121012713
2524,1895.9376237081856
2525,1797.653697929087
2526,2523.8739149169196
2527,1756.4702962370316
2528,2221.1380199025357
2529,2127.358335378779
2530,2452.065653569506
2531,2071.422448710225
2532,1674.971684438566
2533,1301.3815308017993
2534,2386.615731960562
2535,3350.5000338530053
2536,1976.2610096779324
2537,2792.53581128734
2538,1480.633769895504
2539,2253.0756602758474
2540,1351.547702839095
2541,2338.43967046937
2542,1827.4082031297667
2543,2906.7380632045
2544,2621.4138162630716
2545,2370.8082787394624
2546,1540.7231160726951
2547,884.4690058986876
2548,1799.4048829586143
2549,1424.2822055445697
2550,1826.19208437507
2551,2136.5565204359864
2552,2059.4036184318898
2553,2702.3848151538105
2554,2957.5873438276853
2555,1876.1123221080497
2556,1901.243782599034
2557,1390.321438251608
2558,2386.0933410895404
2559,2236.2166379617156
2560,1538.6308039126575
2561,1894.3709655094704
2562,3074.5505468999554
2563,2406.7434809042984
2564,1788.5961873464007
2565,2753.8240894142955
2566,2523.3487872841642
2567,2423.6841463304677
2568,2552.4540210421737
2569,1953.7623588734914
2570,1867.3331884743943
2571,2416.977371149462
2572,2038.6521379950825
2573,2700.7477767424743
2574,1480.2840385318375
2575,2885.1126191539934
2576,1883.6251467881193
2577,1649.8319718560163
2578,2469.4260553389363
2579,1108.1355626754817
2580,2063.2408515705697
2581,1406.003852028462
2582,1936.460475131959
2583,1496.4863542171574
2584,1858.3509383645728
2585,1690.6276709170806
2586,1676.1546053372
2587,871.7262131928189
2588,1973.078423345013
2589,2674.5171384534556
2590,2229.3848433972043
2591,2122.4273484561936
2592,1988.3484366844345
2593,1371.2743302526765
2594,1314.2035543537365
2595,2400.971184850264
2596,2426.246682897253
2597,2076.6181237716514
2598,2273.7382047103324
2599,1940.9898615002553
2600,1889.1091449943945
2601,2045.5129985282886
2602,1661.6119290024594
2603,2107.3850397401316
2604,1713.6892125576592
2605,1878.87417408713
2606,2761.575839864604
2607,2108.1163316732027
2608,2506.0949811489854
2609,2594.22069355396
2610,2308.0740674251037
2611,1553.1658643576516
2612,1599.8289546537665
2613,1916.3029392754097
2614,2493.097664159533
2615,1880.301365531542
2616,1675.0362601460286
2617,1915.5673852163434
2618,1788.89395541419
2619,2376.7388438940848
2620,2227.9906818881186
2621,2614.0942075396906
2622,1387.455762988217
2623,1616.4941919719845
2624,2023.55222930345
2625,1985.4957327127286
2626,2016.0439052374275
2627,1689.182455754287
2628,2041.7662883404766
2629,1785.9748899596977
2630,1108.9184865104307
2631,2248.8343758360006
2632,1075.9983804296428
2633,1997.5811963402473
2634,2609.2884122401247
2635,1471.9875726391151
2636,2253.961899460767
2637,1799.8513353485396
2638,1381.9236505377307
2639,1773.9246635492777
2640,1819.029272245172
2641,3009.4339631581115
2642,2348.8112853323396
2643,2538.8904424985253
2644,1789.3793679825337
2645,2050.5131185865976
2646,1757.705408425126
2647,1363.386342258217
2648,2472.3476931010264
2649,1518.0313650809671
2650,1784.5091666695096
2651,2284.9206941644698
2652,2040.6342749902171
2653,1769.7855994605839
2654,2302.682188336795
2655,1912.8373251372973
2656,1943.5448998657685
2657,1973.9306481477454
2658,1953.416362787895
2659,3329.2353700539497
2660,2004.5367384108154
2661,2234.4756311848646
2662,1375.9963710932338
2663,1470.4124329921995
2664,3620.047353767288
2665,1909.9020452637128
2666,2374.3669674100115
2667,1452.4002803062585
2668,1548.8767338233033
2669,2991.565001008238
2670,2237.0127106806144
2671,1942.4444533770952
2672,2012.4036471570073
2673,1019.1350948504668
2674,2638.282422485316
2675,2395.195576000664
2676,1565.4268570236468
2677,2784.364318804783
2678,1677.494392480011
2679,2226.215597013292
2680,1649.3474298532738
2681,974.7437213571168
2682,2280.688050102899
2683,2206.3940141992025
2684,1432.13745429312
2685,2387.3600225074074
2686,3125.0731313967544
2687,2937.677891429931
2688,2111.854938453278
2689,1468.1807483222083
2690,2804.450959599629
2691,1740.4908060314306
2692,2284.8433852862568
2693,2252.1973514058323
2694,2939.5398292877326
2695,984.5814344405433
2696,1636.1115518375789
2697,1773.3622716660902
2698,2163.4689534443264
2699,2364.797751161235
2700,2814.426245481899
2701,2051.453004471665
2702,1972.883564591344
2703,2480.1364125398386
2704,2289.767763421256
2705,2195.3197906270248
2706,738.7345363861855
2707,2089.5827422322013
2708,2308.7921205706443
2709,2071.5940147551405
2710,2017.5215539530639
2711,1186.7371521852153
2712,1444.7940711246229
2713,1546.8837249709845
2714,2023.7824684590296
2715,1667.907593485068
2716,1979.1775593096718
2717,1869.4827117608022
2718,3186.480439255055
2719,2463.8270519554635
2720,1887.6097343115769
2721,1551.3405830802476
2722,1334.4046278146443
2723,1093.5943077496909
2724,2517.514898982253
2725,2180.2282290209646
2726,1750.1300334645625
2727,2381.77610691024
2728,2083.6801765534033
2729,1510.010829491735
2730,1638.4666968171985
2731,2154.7614492570983
2732,1998.3429704151686
2733,1740.611686196277
2734,2152.272799861306
2735,1620.3264659673987
2736,2009.4857108456624
2737,2567.054100438114
2738,2572.148143815848
2739,2129.7264024011142
2740,1980.4771594929678
2741,2081.9201946413095
2742,2420.700361761959
2743,2096.8624895949238
2744,1644.4288396945035
2745,2353.621660245445
2746,2045.849102946082
2747,1216.518971477199
2748,1342.4603331385113
2749,2116.402807608359
2750,1540.6728768548219
2751,1710.364017473092
2752,1903.4845528869191
2753,1723.9918498862958
2754,1449.2484813416258
2755,1942.6878686880011
2756,1135.2202359261937
2757,2042.7608012801234
2758,1781.1840597694202
2759,2147.6465250547126
2760,1342.9635597229712
2761,1459.3106965307752
2762,1944.1019450198476
2763,2228.87594502635
2764,1701.3388001033613
2765,2354.394571066
2766,2009.557829175283
2767,2599.291617757205
2768,1886.4316607885053
2769,650.5658671463032
2770,2180.5427917476595
2771,2838.1115391865874
2772,2328.1063615039293
2773,2136.17071161092
2774,1720.0289231943207
2775,1429.1418354668167
2776,1213.328723872565
2777,2395.049297327126
2778,1832.8720264086826
2779,2630.2080997563708
2780,1746.322364667679
2781,1028.3371350216348
2782,1414.1568837062969
2783,1760.6130819678292
2784,1886.068110355499
2785,1473.2757959732517
2786,1959.1088922364863
2787,2038.3585979015334
2788,2088.4397800506895
2789,1495.7947338573247
2790,1730.49927328485
2791,1573.6904044704238
2792,1878.170173808548
2793,1630.3490158789405
2794,2014.9796032769323
2795,2932.01137161153
2796,2146.877633580868
2797,2060.9737230432725
2798,1976.0287066724184
2799,1662.4436126448754
2800,1604.4117736465075
2801,2075.5200078389116
2802,2740.2339956471633
2803,2646.3972344963986
2804,1773.7471433556736
2805,1624.947286365949
2806,2279.2523007589684
2807,1748.7352166629207
2808,1405.937340522803
2809,1364.1850655464993
2810,1651.975795582794
2811,1888.8782325800678
2812,1637.2486258345366
2813,2627.247225583769
2814,2459.152943049191
2815,1437.782953533207
2816,2680.2429905715444
2817,1757.8563678568753
2818,1647.8849237962154
2819,1731.7274189584712
2820,2818.6792519795504
2821,2863.2545220850634
2822,2427.1033216338865
2823,2150.725109645776
2824,1993.6650260543472
2825,2116.4108164828012
2826,1734.2023193076216
2827,1561.5462353986895
2828,803.5523002022044
2829,1602.163135294195
2830,1923.7920273079512
2831,1077.272513240648
2832,1393.447380116716
2833,1613.0461653969792
2834,2765.268988650798
2835,2030.1025833876015
2836,2385.707633215852
2837,1781.518816249652
2838,1911.6019133257666
2839,2578.0797281448645
2840,1951.991539889079
2841,1614.8369960337814
2842,2272.21740135996
2843,1037.0931123796
2844,2942.0392902975764
2845,2382.257646047692
2846,1569.3916016844862
2847,1683.317656933511
2848,2361.0638478087412
2849,3007.6423568754703
2850,1625.6151225821586
2851,2482.66178514515
2852,2212.525214228827
2853,1715.3977721651204
2854,2388.1921014101626
2855,1957.7271966048213
2856,2008.6220112630162
2857,2331.870551080326
2858,2127.599380837056
2859,1927.290357554838
2860,1551.5020504983154
2861,1906.851086518982
2862,2300.436549036837
2863,2325.224512921541
2864,2397.6484675742176
2865,2605.4380019395126
2866,1775.2537068877743
2867,2843.2526953820397
2868,3037.569089322048
2869,1673.2013688337265
2870,2026.3798617389605
2871,1752.6798640151317
2872,2631.6955032449614
2873,2881.632898772356
2874,2722.0840577818926
2875,1833.0813204881824
2876,2603.227069618426
2877,1830.7453354489624
2878,1751.4128506529817
2879,1315.2133603782395
2880,2710.3816978706373
2881,2350.7231809639366
2882,2338.905352487983
2883,2628.788076717206
2884,2440.9369127072778
2885,1578.634918612798
2886,1705.190964091597
2887,738.4953893326729
2888,1740.32512286353
2889,1551.7305562924817
2890,2260.735802261216
2891,1997.3900228602367
2892,1913.1552563088235
2893,1506.5861778850765
2894,2404.2332337802172
2895,1848.5591732660516
2896,1979.2123233411235
2897,1272.08449521189
2898,1214.487126016516
2899,1759.3539419183867
2900,2138.003489859282
2901,2647.7135326819935
2902,2543.5556985676008
2903,1906.7882479116474
2904,2169.662212251683
2905,1655.8043673586085
2906,2512.7425511308043
2907,1454.1909590543125
2908,1870.9967596204579
2909,1441.4462032828478
2910,1965.2454552945965
2911,2099.1045393411628
2912,1086.884315959764
2913,2360.1841218073496
2914,1804.3914240320464
2915,1613.6717434654784
2916,2202.7915099655847
2917,2524.5632456552576
2918,2474.9373716507084
2919,2204.5377659652067
2920,2840.644822200513
2921,1701.6070552115898
2922,2660.1226730646013
2923,1684.2536187380579
2924,1922.4187072391164
2925,2248.021280593131
2926,2805.9188327531974
2927,1550.794130687254
2928,2443.083515812933
2929,1500.5022027627904
2930,2013.4884800585328
2931,1563.1268077686318
2932,2167.0818943465183
2933,2052.8120182503635
2934,2562.5567450922335
2935,1833.4170261606243
2936,2909.2413367180884
2937,1668.2160872236234
2938,1801.6475879407385
2939,1940.0256893642618
2940,1943.6751558398737
2941,1894.4661923979097
2942,1580.3634867109959
2943,2450.4690630773857
2944,2208.0777521547075
2945,2321.3645069861154
2946,1441.8709677687732
2947,2401.318832630599
2948,1269.079886365465
2949,1600.9770556027643
2950,1722.8655806953234
2951,2291.5427579380107
2952,1451.5940970183933
2953,921.0566253439006
2954,986.0803882902496
2955,2383.443308406813
2956,3030.5571485842747
2957,2300.915200551817
2958,2745.052707891126
2959,1433.9810122919166
2960,1833.1376657089206
2961,1415.0336617620408
2962,2859.8443122052704
2963,2485.2969338906255
2964,1457.658611562322
2965,2129.077998445932
2966,1746.1559697740295
2967,2570.3428036082005
2968,2493.8935153089333
2969,2276.018054399753
2970,2386.7023773687188
2971,1724.634920845347
2972,1627.145023889627
2973,1836.9587839708918
2974,1622.5043309925636
2975,2353.459563744418
2976,1504.9262836179048
2977,1468.2919698384092
2978,2405.918865604862
2979,1549.5659960522764
2980,2535.222208245823
2981,1740.6470531700866
2982,2534.381238317422
2983,2081.0396185487834
2984,2537.5873069463014
2985,1619.2437961987985
2986,3092.18443054007
2987,2840.8341575977392
2988,1622.9253076250536
2989,1711.5542747308161
2990,1882.7419098396238
2991,2761.32151246538
2992,980.4760199112037
2993,2375.0507709275876
2994,2458.5023766868467
2995,2119.938366133512
2996,1999.3935210950558
2997,1896.7011321475243
2998,2585.1169427381624
2999,1588.0118285095427
3000,2108.04446773573
3001,1703.8070362522947
3002,1987.8835267901247
3003,1198.1647960024131
3004,2264.889078194758
3005,1994.424003180126
3006,2207.412160629649
3007,1314.3791892650743
3008,1760.597087620356
3009,2640.482091115363
3010,2284.2451807040925
3011,3133.554840978129
3012,2134.916815860702
3013,822.5990515735107
3014,1868.8043899147704
3015,1315.2301135030991
3016,2865.0373757043576
3017,1765.6540233043127
3018,1512.6371648111651
3019,2037.8113394456198
3020,2088.2205254627047
3021,1525.5281255188809
3022,1920.6387451334526
3023,2526.518162640736
3024,1636.2441364168906
3025,2156.062344862661
3026,2428.146161832123
3027,2460.5729189564545
3028,1711.7036394508737
3029,2871.0240955675345
3030,1122.1553199665168
3031,1747.4561500377802
3032,2809.6754413694257
3033,1077.1509114002133
3034,1606.977274121232
3035,2013.5153335590087
3036,1782.3170105448562
3037,2231.3739265003433
3038,1990.0364356334114
3039,3106.7703735546
3040,2611.515390532473
3041,2511.838867547665
3042,2179.2273595824227
3043,1849.021398655753
3044,1831.3456708414917
3045,2294.4043098088696
3046,1717.858175533799
3047,2091.5559213885704
3048,1558.1541220078266
3049,1976.7010119625575
3050,1620.5314618958066
3051,1219.5097794006288
3052,2484.255675829489
3053,2513.26856241101
3054,1473.0611525730346
3055,2003.4458515837632
3056,2497.7993677555182
3057,950.1092344054798
3058,2282.773473206862
3059,2209.720436406775
3060,1959.4488060920569
3061,1495.5975167764652
3062,784.8745300543651
3063,1718.1616506335624
3064,2712.9238606719896
3065,1825.5814408128008
3066,2359.373377215914
3067,1564.3873495470853
3068,2541.8911054829887
3069,2041.4056064819467
3070,2222.8844969488578
3071,2030.3587701667736
3072,2415.0393907027415
3073,1548.2958412144217
3074,1951.3501546221405
3075,2572.410075734384
3076,2592.6777274007745
3077,2255.5945051022973
3078,2049.254026648623
3079,1744.2651995802225
3080,2017.6548400032964
3081,2995.2556152652824
3082,2924.6193962630327
3083,2179.1432851130476
3084,2545.3537078960026
3085,2746.2023797728307
3086,1238.2385871902904
3087,2318.2579855658505
3088,2099.3001009712516
3089,1918.7158955014643
3090,1257.3404699962607
3091,2375.081096526331
3092,1364.799216856683
3093,2046.7909701724288
3094,1972.4337840459657
3095,2256.173328234332
3096,1522.2645155029954
3097,2512.6445429431665
3098,876.9806423107277
3099,1637.421274804241
3100,1779.0185507835722
3101,2028.2346704177278
3102,2470.5187849776853
3103,1885.6259126747213
3104,2404.9715776106914
3105,1642.9747087566714
3106,2110.7764342322253
3107,2844.2191359413514
3108,2875.7806637810327
3109,1547.25537238698
3110,2515.8263089670477
3111,2232.3694850849815
3112,628.0232275765113
3113,2162.7065948628806
3114,1748.1264205966186
3115,2392.594847650239
3116,1880.5576770256819
3117,1804.665881833354
3118,1557.339093407903
3119,2033.3876692697193
3120,1694.7654500006724
3121,2447.004198844219
3122,2193.9107883198462
3123,1560.3626743975815
3124,1760.1524448831512
3125,1900.4499814544263
3126,1492.3046104358245
3127,1408.4722438479557
3128,1776.2168455957294
3129,1405.4325033860775
3130,2085.318667840724
3131,1776.113041914622
3132,2121.0989549808405
3133,1922.776519038213
3134,1792.0952675459655
3135,2770.92113188987
3136,1935.554560187785
3137,2092.924524064447
3138,2164.0033043925555
3139,2510.9394681596923
3140,1889.4194606466729
3141,1961.575545525189
3142,1907.4498637598417
3143,2219.3450617435174
3144,1748.1314546395677
3145,1717.5438342435548
3146,1572.151530378164
3147,2405.3344688952725
3148,2318.992110515993
3149,2387.2900725351337
3150,1272.7258778260714
3151,1824.7317085019477
3152,1459.1759556352827
3153,2288.00077372043
3154,1829.068196330067
3155,1965.7515195953306
3156,3066.5236277982144
3157,2065.7912777684032
3158,1513.7915967820823
3159,2630.0159586833875
3160,1741.3281640407088
3161,1475.4029996116087
3162,2460.970738130649
3163,1387.111492149953
3164,1859.779945718893
3165,2568.709475685613
3166,1319.4153503510252
3167,2316.999454948832
3168,1529.9207513577871
3169,1484.4853539793673
3170,1403.7373308669034
3171,1932.2466489052545
3172,2462.638544268928
3173,1539.6468420846404
3174,1692.2443634872686
3175,1503.4162351617674
3176,2278.475474185439
3177,1588.7408746737444
3178,2033.0686097987912
3179,1900.5328231263745
3180,2160.9483366049544
3181,1791.0270411166707
3182,1270.7251343386536
3183,1382.7981537276812
3184,2072.364720256539
3185,2423.79986301822
3186,1561.650183091887
3187,1645.8908458213011
3188,2386.9818202756305
3189,1444.3167799882567
3190,2179.5708945201663
3191,1583.503558383256
3192,2236.4571187074066
3193,1819.2903450766032
3194,2092.2005724737705
3195,1314.9604530336828
3196,1435.5862476892762
3197,2357.7469874099006
3198,1062.4564545607327
3199,2702.5339753975795
3200,2136.3889918618383
3201,2042.5045339422013
3202,1268.2073642590703
3203,2602.322476784753
3204,1707.7250534135442
3205,1415.9762522027643
3206,1986.4964550567863
3207,1642.1859741844046
3208,2182.83608892799
3209,1755.1497549131445
3210,2416.7124517506936
3211,1717.0195129384965
3212,1727.7600107558628
3213,1896.2245472521186
3214,3267.2714015153283
3215,1839.0536860373015
3216,2619.391393126343
3217,2064.869205630135
3218,2037.5975213177765
3219,2563.8595290191693
3220,2345.5325113760596
3221,2575.9900006111407
3222,1965.1388301004606
3223,1217.66945127789
3224,3190.129833777056
3225,1856.6379233001958
3226,1286.119585641951
3227,2424.764128777196
3228,1933.076753523801
3229,2237.7996091675773
3230,1528.8202365326442
3231,1991.013511523276
3232,2511.5414542338144
3233,2250.9445459630824
3234,2533.869242723007
3235,2714.4569962468095
3236,2858.851387891495
3237,2156.1077585866437
3238,1869.796775689379
3239,2632.0496649604993
3240,2317.986816444937
3241,2778.5000897010977
3242,2358.688392487682
3243,2142.5060557371194
3244,2142.1918303147168
3245,1378.1053175084342
3246,2082.28593600221
3247,1826.5818094207825
3248,2066.5694388682914
3249,2001.8571586138912
3250,1986.3582592162409
3251,1071.0161319902916
3252,2107.2417243719838
3253,1672.6887122207295
3254,3116.4465275409193
3255,1594.1289859324538
3256,1962.7870041326978
3257,993.5072086164221
3258,1357.9720374795113
3259,1630.2475443084068
3260,2250.8084671514544
3261,2227.7592835758624
3262,1670.3603696793746
3263,2029.8488219060941
3264,1581.117960983971
3265,1968.7159497593198
3266,1435.0325623767496
3267,1442.9275686205342
3268,1334.0700581388264
3269,2961.3830348493566
3270,1843.2600212990321
3271,3175.367144944008
3272,2183.224108053695
3273,935.8825446982542
3274,1847.0171191889806
3275,2721.483846800161
3276,1696.1662000642393
3277,2620.043905511557
3278,1159.84204558298
3279,2232.4110331705447
3280,1758.858509070422
3281,2727.4820015816827
3282,1942.7779661074549
3283,2773.6762815202987
3284,2645.309779408732
3285,1912.5514638450607
3286,2548.1449851920106
3287,2376.1061682854556
3288,2483.758401322567
3289,1097.7045553516964
3290,1829.251263972862
3291,1677.470934479065
3292,2200.427606816903
3293,3010.8609701414343
3294,1904.0745285929063
3295,1515.3070941477677
3296,1658.8879578714777
3297,2259.5249808831845
3298,1888.1257909195806
3299,1544.6138922233306
3300,1964.0987937168331
3301,1854.5252159929698
3302,2029.9799639211387
3303,2602.78781204373
3304,1543.0145611203745
3305,2679.45152528093
3306,1566.851602183176
3307,2777.8356908473015
3308,2619.7176300189603
3309,2138.264644297752
3310,2192.8123076077763
3311,1341.042001626561
3312,2019.1809183409061
3313,1890.437268422584
3314,1267.9042168360552
3315,2203.4238503063298
3316,1380.4968126138235
3317,2029.4439945320569
3318,2457.0608805403626
3319,2394.900934147462
3320,3624.632367450714
3321,2640.3285356589236
3322,1516.8791771092572
3323,2579.054984812091
3324,2431.798659405198
3325,1905.4172691002495
3326,2130.556747993782
3327,2084.3215151162626
3328,2619.0361940976236
3329,2237.6819066372323
3330,1806.5071846181215
3331,2625.9702072163354
3332,1973.6180778192886
3333,2227.4980762231767
3334,2086.6281598557975
3335,2012.8990342118097
3336,1922.6913364871427
3337,1965.1508255213196
3338,2075.2363144679994
3339,2308.75899468938
3340,1971.2156439346934
3341,1886.0150362318311
3342,2244.2904970675377
3343,1807.4111394537288
3344,2444.894812269712
3345,2509.866617275588
3346,1356.2680521914936
3347,1843.7148351380968
3348,1582.0297070075756
3349,1818.308301747993
3350,2717.367375049659
3351,1516.7257636785935
3352,1915.2604985170624
3353,2465.950424771233
3354,2201.9867046269574
3355,2223.528996998773
3356,1882.2397593069713
3357,1127.4400010351967
3358,1823.7504498625758
3359,1965.1356214318223
3360,1761.5867902181308
3361,2821.4295286070774
3362,2167.9296526149587
3363,1588.7708355455738
3364,2607.5343945678965
3365,1802.4639292800668
3366,1476.9038232483658
3367,2060.549426687859
3368,1137.9682798771087
3369,1552.6792034911723
3370,2467.345337797545
3371,1876.8288200868092
3372,1829.8629813843077
3373,1184.558791836393
3374,1567.398554062525
3375,2565.2342218620934
3376,2115.5016048680336
3377,2152.2844706491182
3378,2380.7741349814123
3379,1691.992258376189
3380,2246.0716665435352
3381,2064.6039483765326
3382,1566.6370403254414
3383,599.5984375016944
3384,2360.5431102787397
3385,1808.0994426397435
3386,2275.991253667732
3387,1290.7745650465372
3388,1319.6886910070557
3389,2260.440891948203
3390,1590.7572600693443
3391,2553.289008395812
3392,1898.6037095186632
3393,2357.7560670830726
3394,1038.2924078994026
3395,2046.3142056493411
3396,2241.942392663812
3397,1392.4477291422627
3398,2350.3675063323585
3399,1166.4551164710624
3400,2025.7305149414276
3401,2543.782250717276
3402,1500.7245783449544
3403,2983.5952210434243
3404,2188.827033901635
3405,2396.5957007776333
3406,1519.747315597706
3407,1979.2108923842668
3408,2310.506503636293
3409,3096.977811338851
3410,1708.717198389611
3411,2834.0074794776574
3412,2205.0907043003995
3413,2150.773885411443
3414,1515.3917446595274
3415,2575.050711169174
3416,2532.3590810821875
3417,2393.827737789551
3418,2773.9881991172847
3419,2622.7922638972836
3420,2225.513307742624
3421,1480.390028151333
3422,1975.8201465850887
3423,1213.461202944921
3424,1838.4952060840806
3425,1535.3082628506033
3426,954.7786199521818
3427,1342.3771416435802
3428,1209.679076745839
3429,2286.7293918967157
3430,1625.7447772177234
3431,2619.194248055517
3432,2802.9618699973316
3433,1562.570179565299
3434,1556.7090660744439
3435,1315.7283407304644
3436,1165.7248331088344
3437,1644.1648311836882
3438,1723.071993244377
3439,2635.861300223226
3440,2470.168961336284
3441,2820.8952786091504
3442,1848.8399274385765
3443,1842.0289906584235
3444,1488.0151604536127
3445,1555.7349888664262
3446,1964.1132912417404
3447,1993.5856032974978
3448,1996.667063732172
3449,2428.2277195712986
3450,2911.72924122601
3451,1868.582166349475
3452,2687.180931570425
3453,1463.3977795736214
3454,2004.1037187725412
3455,2029.3971685694607
3456,1899.1079588205046
3457,1931.7011206452726
3458,2500.814488843549
3459,2527.1756363073378
3460,2205.730647427842
3461,1512.1819391965391
3462,1647.099089029996
3463,1979.4273506789254
3464,1976.6939040701175
3465,2497.1001686557365
3466,1633.5970655674269
3467,1315.3526808199158
3468,2732.8983260955843
3469,2392.685212560925
3470,1747.1753162014447
3471,1296.873574216439
3472,1520.6607370405648
3473,2351.5960537406772
3474,2475.49150921891
3475,2647.239904610618
3476,2177.740128492624
3477,2864.5865023980245
3478,2323.0855451437146
3479,1752.7547465486152
3480,1350.541918342919
3481,2200.5617726324313
3482,1795.508651286154
3483,1819.276277822863
3484,2012.0831907638594
3485,2872.8432648429816
3486,2488.3846711992805
3487,1779.1302495190666
3488,2612.6966750152005
3489,1631.599623232919
3490,2141.8235923064954
3491,2340.052319382713
3492,2687.429263632178
3493,1988.7226712127022
3494,2399.1381264829924
3495,1514.2798614832489
3496,1745.1696563690907
3497,1603.03606578143
3498,2096.924292444677
3499,2151.3648052225885
3500,2310.5283137582687
3501,1737.924954903994
3502,1923.7117099830461
3503,1802.2629563448065
3504,2010.109040580834
3505,1365.310203358189
3506,1732.7664399119658
3507,1021.5816257898426
3508,1942.3676508650012
3509,1512.9029426114748
3510,1869.6857941781434
3511,1292.927075785302
3512,2272.7122814197764
3513,2220.7475583187397
3514,1798.945155199258
3515,1199.146831204908
3516,1962.760488786873
3517,2237.854474920623
3518,2460.749756620521
3519,1427.1104074747068
3520,1873.907259647348
3521,2375.291911314086
3522,2380.1162805940407
3523,1893.7675382111195
3524,849.983403935541
3525,1615.9551651584318
3526,1846.399350346037
3527,1556.4804387387744
3528,3271.472622764182
3529,2100.2495458790536
3530,2673.882502219885
3531,2627.773352759969
3532,1682.3161932917442
3533,1979.7998970422993
3534,1712.5869850406702
3535,1584.0618582228499
3536,2407.88734058304
3537,2297.59552546304
3538,2413.966767710738
3539,1979.0922500429915
3540,1600.5110592903386
3541,2353.3395767928573
3542,843.6921917302068
3543,1759.9216216203342
3544,1372.725954531737
3545,2274.05973687783
3546,2574.0447878765735
3547,2129.3508512184853
3548,1358.5470921527203
3549,2725.036525394908
3550,1413.4343722427634
3551,2697.9849999974977
3552,2095.3858282441383
3553,2720.09426730989
3554,2395.7625826519998
3555,3182.273762630631
3556,1961.2095696582403
3557,2192.731709127638
3558,1566.6259705116067
3559,2278.5557337270207
3560,2765.9991238194934
3561,1640.4490877969213
3562,1737.2505084167897
3563,1867.4026840199283
3564,1765.671722558235
3565,2291.831079614826
3566,1591.8596132693242
3567,2333.07445675674
3568,1123.5850429001532
3569,1935.7692460103835
3570,2903.872869656052
3571,1381.7030001425396
3572,2084.564723667266
3573,1784.1806549456028
3574,1689.953467993947
3575,2165.434796604266
3576,2715.4329213317583
3577,1173.9996523748002
3578,1310.7366519177212
3579,1559.0091550141155
3580,2361.3958712246135
3581,2070.4487300213596
3582,1850.1661190598652
3583,1810.4590683289198
3584,2065.4045928184846
3585,2401.761420979552
3586,1290.460407034905
3587,2263.4263056290442
3588,3096.4377509005244
3589,1732.2632569938582
3590,1679.8921329568734
3591,1416.2659336650495
3592,2728.932592576995
3593,2849.327733664376
3594,1314.374477842756
3595,1447.0679067963388
3596,1988.9775841377198
3597,1203.7076454289045
3598,1713.0375372567291
3599,1380.0345724344015
3600,1995.6438666007077
3601,1349.1800973055863
3602,2269.425088275885
3603,1586.6425867132782
3604,2660.715200211482
3605,2841.3446884150194
3606,2135.1264325477387
3607,2153.28193909402
3608,1536.4086718258316
3609,1982.7310181129997
3610,1068.4777303365988
3611,1877.0330498467797
3612,1918.4492900953433
3613,2150.91734053962
3614,1980.380177096506
3615,2562.9291812134416
3616,2078.910247116227
3617,1563.8536955000316
3618,1594.1925368970851
3619,1771.8928577492075
3620,1581.061348537492
3621,2096.7408438049565
3622,3308.643995380251
3623,1152.209727826043
3624,1742.2827957336367
3625,1670.0683133911352
3626,1550.1078019950846
3627,1026.264662386368
3628,1254.697739751647
3629,1936.0634411744038
3630,1971.4580845190192
3631,2855.0665121811353
3632,1602.790914856537
3633,2127.466531068381
3634,1322.743468875859
3635,2061.9489320319885
3636,1991.0297115534763
3637,2056.7328514034216
3638,2210.3672164610675
3639,2812.2063471222964
3640,1181.8448461022076
3641,2580.429119456276
3642,1714.601326406138
3643,2359.7226936066677
3644,1619.7078781368066
3645,2536.1586402958364
3646,2166.3031970206207
3647,1379.26643710247
3648,1815.1634319241923
3649,2222.1070198548678
3650,2075.5816593186
3651,1599.5440015050822
3652,1236.8561338178056
3653,1209.0132097905812
3654,1431.188854911869
3655,1490.4219874631767
3656,1989.0999631195364
3657,2122.328572658401
3658,1613.0989033153032
3659,1927.4701221528885
3660,2106.9838688817695
3661,3334.0143350709027
3662,1874.0403933406958
3663,2214.0664443126534
3664,2259.019852477884
3665,1996.4336988884224
3666,1379.8748837334022
3667,2268.652299510632
3668,1905.543533668581
3669,1665.9126727310284
3670,2108.81077363378
3671,2156.031744963123
3672,2785.5082683229684
3673,2203.0716971225015
3674,2329.958608556796
3675,2506.831690149599
3676,2174.243893914032
3677,2130.2731133403795
3678,1804.826215429846
3679,2513.697776180071
3680,2693.8666037557805
3681,1810.8424197899544
3682,1881.3856139582263
3683,1764.65069313175
3684,2320.0932063954324
3685,2593.797514527361
3686,1728.6912009514251
3687,2251.6244132621596
3688,2348.0284016273804
3689,1403.4221009328226
3690,2217.0843116973874
3691,2077.366096603182
3692,2666.1642077130655
3693,1598.050475843455
